53,Male,2025-08-17 22:12:23
41,Female,2025-08-17 22:12:25
39,Male,2025-08-17 22:12:32
32,Male,2025-08-17 22:12:44
26,Male,2025-08-17 22:12:57
43,Female,2025-08-17 22:13:09
34,Female,2025-08-17 22:13:11
40,Male,2025-08-17 22:13:16
37,Male,2025-08-17 22:13:18
41,Female,2025-08-17 22:13:22
44,Male,2025-08-17 22:13:24
24,Male,2025-08-17 22:13:28
28,Male,2025-08-17 22:13:36
39,Male,2025-08-17 22:14:01
35,Male,2025-08-17 22:14:07
46,Male,2025-08-17 22:14:13
23,Male,2025-08-17 22:14:26
29,Male,2025-08-17 22:14:32
23,Female,2025-08-17 22:15:03
26,Male,2025-08-17 22:16:14
36,Male,2025-08-17 22:16:14
12,Male,2025-08-17 22:16:14
14,Female,2025-08-17 22:16:14
19,Male,2025-08-17 22:16:14
32,Male,2025-08-17 22:16:14
